Workbook

Sheet Data 2025
A1: RATA-RATA LAMA SEKOLAH MENURUT PROVINSI DI INDONESIA, 2025
A2: Sumber: Badan Pusat Statistik (BPS), tabel [Metode Baru] Rata-rata Lama Sekolah (Tahun), diperbarui 5 November 2025. Satuan: tahun.
A4: No | B4: Provinsi | C4: Rata-rata Lama Sekolah (Tahun) | D4: Peringkat | E4: Selisih thd Nasional
A5: 1 | B5: DKI JAKARTA | C5: 11.59 | D5: =RANK(C5,$C$5:$C$42) -> 1 | E5: =C5-$C$45 -> 2.52
A6: 2 | B6: KEPULAUAN RIAU | C6: 10.72 | D6: =RANK(C6,$C$5:$C$42) -> 2 | E6: =C6-$C$45 -> 1.65
A7: 3 | B7: MALUKU | C7: 10.51 | D7: =RANK(C7,$C$5:$C$42) -> 3 | E7: =C7-$C$45 -> 1.44
A8: 4 | B8: D I YOGYAKARTA | C8: 10.2 | D8: =RANK(C8,$C$5:$C$42) -> 4 | E8: =C8-$C$45 -> 1.13
A9: 5 | B9: KALIMANTAN TIMUR | C9: 10.1 | D9: =RANK(C9,$C$5:$C$42) -> 5 | E9: =C9-$C$45 -> 1.03
A10: 6 | B10: SUMATERA UTARA | C10: 10.08 | D10: =RANK(C10,$C$5:$C$42) -> 6 | E10: =C10-$C$45 -> 1.01
A11: 7 | B11: PAPUA | C11: 10.01 | D11: =RANK(C11,$C$5:$C$42) -> 7 | E11: =C11-$C$45 -> 0.94
A12: 8 | B12: ACEH | C12: 9.95 | D12: =RANK(C12,$C$5:$C$42) -> 8 | E12: =C12-$C$45 -> 0.88
A13: 9 | B13: SULAWESI UTARA | C13: 9.91 | D13: =RANK(C13,$C$5:$C$42) -> 9 | E13: =C13-$C$45 -> 0.84
A14: 10 | B14: SUMATERA BARAT | C14: 9.77 | D14: =RANK(C14,$C$5:$C$42) -> 10 | E14: =C14-$C$45 -> 0.7
A15: 11 | B15: BALI | C15: 9.75 | D15: =RANK(C15,$C$5:$C$42) -> 11 | E15: =C15-$C$45 -> 0.68
A16: 12 | B16: BANTEN | C16: 9.56 | D16: =RANK(C16,$C$5:$C$42) -> 12 | E16: =C16-$C$45 -> 0.49
... A42: 38 | B42: PAPUA PEGUNUNGAN | C42: 4.3 | D42: =RANK(C42,$C$5:$C$42) -> 38 | E42: =C42-$C$45 -> -4.77
B44: INDONESIA (nasional) | C44: 9.07
B45: Nilai acuan nasional (dipakai kolom E) | C45: =C44 -> 9.07
A47: Catatan: 38 provinsi. Baris INDONESIA adalah angka agregat nasional dari BPS, bukan rata-rata dari 38 provinsi, sehingga tidak diikutkan dalam perhitungan statistik.

Sheet Statistik Deskriptif
A1: STATISTIK DESKRIPTIF — DATA MENTAH (38 PROVINSI, 2025)
A3: Ukuran | B3: Nilai
A4: Jumlah data (n) | B4: =COUNT('Data 2025'!$C$5:$C$42) -> 38
A5: Nilai minimum | B5: =MIN('Data 2025'!$C$5:$C$42) -> 4.3
A6: Provinsi terendah | B6: =INDEX('Data 2025'!$B$5:$B$42,MATCH(MIN('Data 2025'!$C$5:$C$42),'Data 2025'!$C$5:$C$42,0)) -> PAPUA PEGUNUNGAN
A7: Nilai maksimum | B7: =MAX('Data 2025'!$C$5:$C$42) -> 11.59
A8: Provinsi tertinggi | B8: =INDEX('Data 2025'!$B$5:$B$42,MATCH(MAX('Data 2025'!$C$5:$C$42),'Data 2025'!$C$5:$C$42,0)) -> DKI JAKARTA
A9: Jangkauan (Range) | B9: =MAX('Data 2025'!$C$5:$C$42)-MIN('Data 2025'!$C$5:$C$42) -> 7.29
A10: Mean (rata-rata) | B10: =AVERAGE('Data 2025'!$C$5:$C$42) -> 9.0294737
A11: Median | B11: =MEDIAN('Data 2025'!$C$5:$C$42) -> 9.05
A12: Modus (data mentah) | B12: =IFERROR(MODE('Data 2025'!$C$5:$C$42),"tidak ada") -> 8.07
A13: Kuartil 1 (Q1) | B13: =QUARTILE('Data 2025'!$C$5:$C$42,1) -> 8.445
A14: Kuartil 3 (Q3) | B14: =QUARTILE('Data 2025'!$C$5:$C$42,3) -> 9.765
A15: Jangkauan antarkuartil (IQR) | B15: =QUARTILE('Data 2025'!$C$5:$C$42,3)-QUARTILE('Data 2025'!$C$5:$C$42,1) -> 1.32
A16: Simpangan baku (s) | B16: =STDEV('Data 2025'!$C$5:$C$42) -> 1.2399301
A17: Ragam / Varians | B17: =VAR('Data 2025'!$C$5:$C$42) -> 1.5374267
A18: Nilai nasional (INDONESIA) | B18: ='Data 2025'!$C$44 -> 9.07
A20: CATATAN PENTING TENTANG MODUS
A21: Data RLS berupa bilangan desimal, sehingga hampir tidak ada nilai yang berulang. Modus data mentah
A22: tidak informatif. Gunakan modus data berkelompok pada sheet "Distribusi Frekuensi".

Sheet Distribusi Frekuensi
A1: TABEL DISTRIBUSI FREKUENSI DAN STATISTIK BERKELOMPOK
A2: Semua sel di bawah ini adalah rumus yang terhubung ke sheet "Data 2025". Sel berwarna kuning = input yang boleh diubah.
A4: Jumlah data (n) | B4: =COUNT('Data 2025'!$C$5:$C$42) -> 38
A5: Nilai minimum | B5: =MIN('Data 2025'!$C$5:$C$42) -> 4.3
A6: Nilai maksimum | B6: =MAX('Data 2025'!$C$5:$C$42) -> 11.59
A7: Jangkauan (R) | B7: =MAX('Data 2025'!$C$5:$C$42)-MIN('Data 2025'!$C$5:$C$42) -> 7.29
A8: Banyak kelas (k) — Sturges: 1+3,3 log n | B8: =ROUND(1+3.3*LOG10(B4),0) -> 6
A9: Panjang kelas (p) — R/k dibulatkan ke atas | B9: 1.3 | C9: ← R/k = 7,29/6 = 1,215 dibulatkan ke atas menjadi 1,3
A10: Batas bawah kelas pertama | B10: =ROUNDDOWN(MIN('Data 2025'!$C$5:$C$42),2) -> 4.3
A13: Kelas ke- | B13: Batas Bawah | C13: Batas Atas | D13: Tepi Bawah (Tb) | E13: Titik Tengah (xi) | F13: Frekuensi (f) | G13: Frek. Kumulatif (fk) | H13: f · xi | I13: Kelas Median | J13: Kelas Modus
A14: 1 | B14: =$B$10+0*$B$9 -> 4.3 | C14: =B14+$B$9-0.01 -> 5.59 | D14: =B14-0.005 -> 4.295 | E14: =(B14+C14)/2 -> 4.945 | F14: =COUNTIFS('Data 2025'!$C$5:$C$42,">="&B14,'Data 2025'!$C$5:$C$42,"<="&C14) -> 1 | G14: =F14 -> 1 | H14: =F14*E14 -> 4.945 | I14: =IF(AND(G14>=$B$4/2,0<$B$4/2),1,0) -> 0 | J14: =IF(F14=MAX($F$14:$F$19),1,0) -> 0
A15: 2 | B15: =$B$10+1*$B$9 -> 5.6 | C15: =B15+$B$9-0.01 -> 6.89 | D15: =B15-0.005 -> 5.595 | E15: =(B15+C15)/2 -> 6.245 | F15: =COUNTIFS('Data 2025'!$C$5:$C$42,">="&B15,'Data 2025'!$C$5:$C$42,"<="&C15) -> 1 | G15: =G14+F15 -> 2 | H15: =F15*E15 -> 6.245 | I15: =IF(AND(G15>=$B$4/2,G14<$B$4/2),1,0) -> 0 | J15: =IF(F15=MAX($F$14:$F$19),1,0) -> 0
A16: 3 | B16: =$B$10+2*$B$9 -> 6.9 | C16: =B16+$B$9-0.01 -> 8.19 | D16: =B16-0.005 -> 6.895 | E16: =(B16+C16)/2 -> 7.545 | F16: =COUNTIFS('Data 2025'!$C$5:$C$42,">="&B16,'Data 2025'!$C$5:$C$42,"<="&C16) -> 3 | G16: =G15+F16 -> 5 | H16: =F16*E16 -> 22.635 | I16: =IF(AND(G16>=$B$4/2,G15<$B$4/2),1,0) -> 0 | J16: =IF(F16=MAX($F$14:$F$19),1,0) -> 0
A17: 4 | B17: =$B$10+3*$B$9 -> 8.2 | C17: =B17+$B$9-0.01 -> 9.49 | D17: =B17-0.005 -> 8.195 | E17: =(B17+C17)/2 -> 8.845 | F17: =COUNTIFS('Data 2025'!$C$5:$C$42,">="&B17,'Data 2025'!$C$5:$C$42,"<="&C17) -> 18 | G17: =G16+F17 -> 23 | H17: =F17*E17 -> 159.21 | I17: =IF(AND(G17>=$B$4/2,G16<$B$4/2),1,0) -> 1 | J17: =IF(F17=MAX($F$14:$F$19),1,0) -> 1
A18: 5 | B18: =$B$10+4*$B$9 -> 9.5 | C18: =B18+$B$9-0.01 -> 10.79 | D18: =B18-0.005 -> 9.495 | E18: =(B18+C18)/2 -> 10.145 | F18: =COUNTIFS('Data 2025'!$C$5:$C$42,">="&B18,'Data 2025'!$C$5:$C$42,"<="&C18) -> 14 | G18: =G17+F18 -> 37 | H18: =F18*E18 -> 142.03 | I18: =IF(AND(G18>=$B$4/2,G17<$B$4/2),1,0) -> 0 | J18: =IF(F18=MAX($F$14:$F$19),1,0) -> 0
A19: 6 | B19: =$B$10+5*$B$9 -> 10.8 | C19: =B19+$B$9-0.01 -> 12.09 | D19: =B19-0.005 -> 10.795 | E19: =(B19+C19)/2 -> 11.445 | F19: =COUNTIFS('Data 2025'!$C$5:$C$42,">="&B19,'Data 2025'!$C$5:$C$42,"<="&C19) -> 1 | G19: =G18+F19 -> 38 | H19: =F19*E19 -> 11.445 | I19: =IF(AND(G19>=$B$4/2,G18<$B$4/2),1,0) -> 0 | J19: =IF(F19=MAX($F$14:$F$19),1,0) -> 0
A20: Jumlah | F20: =SUM(F14:F19) -> 38 | H20: =SUM(H14:H19) -> 346.51
A22: PERHITUNGAN STATISTIK DATA BERKELOMPOK
A23: MEAN berkelompok = Σ(f·xi) / Σf | B23: =H20/F20 -> 9.1186842
A25: Posisi kelas median | B25: =MATCH(1,$I$14:$I$19,0) -> 4
A26: Tepi bawah kelas median (Tb) | B26: =INDEX($D$14:$D$19,$B$25) -> 8.195
A27: Frekuensi kumulatif sebelum kelas median (fkb) | B27: =INDEX($G$14:$G$19,$B$25)-INDEX($F$14:$F$19,$B$25) -> 5
A28: Frekuensi kelas median (f) | B28: =INDEX($F$14:$F$19,$B$25) -> 18
A29: MEDIAN berkelompok = Tb + p·((n/2 − fkb)/f) | B29: =$B$26+$B$9*(($B$4/2-$B$27)/$B$28) -> 9.2061111
A31: Posisi kelas modus | B31: =MATCH(1,$J$14:$J$19,0) -> 4
A32: Tepi bawah kelas modus (Tb) | B32: =INDEX($D$14:$D$19,$B$31) -> 8.195
A33: d1 = f modus − f kelas sebelumnya | B33: =INDEX($F$14:$F$19,$B$31)-IF($B$31=1,0,INDEX($F$14:$F$19,$B$31-1)) -> 15
A34: d2 = f modus − f kelas sesudahnya | B34: =INDEX($F$14:$F$19,$B$31)-IF($B$31=6,0,INDEX($F$14:$F$19,$B$31+1)) -> 4
A35: MODUS berkelompok = Tb + p·(d1/(d1+d2)) | B35: =$B$32+$B$9*($B$33/($B$33+$B$34)) -> 9.2213158
A37: DATA UNTUK GRAFIK OGIVE POSITIF
A38: Tepi Atas Kelas | B38: Frek. Kumulatif
A39: =C14+0.005 -> 5.595 | B39: =G14 -> 1
A40: =C15+0.005 -> 6.895 | B40: =G15 -> 2
A41: =C16+0.005 -> 8.195 | B41: =G16 -> 5
A42: =C17+0.005 -> 9.495 | B42: =G17 -> 23
A43: =C18+0.005 -> 10.795 | B43: =G18 -> 37
A44: =C19+0.005 -> 12.095 | B44: =G19 -> 38
A46: Cara bikin grafik: blok kolom F (histogram) atau kolom E+F (poligon frekuensi) atau tabel ogive di atas, lalu Insert > Chart.

Sheet Tren 2021-2025
A1: RATA-RATA LAMA SEKOLAH PER PROVINSI, 2021–2025
A2: Sumber: BPS. Tanda "-" berarti data belum tersedia. Empat provinsi pemekaran di Papua baru memiliki data mulai 2024.
A4: No | B4: Provinsi | C4: 2021 | D4: 2022 | E4: 2023 | F4: 2024 | G4: 2025 | H4: Perubahan 2021→2025
A5: 1 | B5: ACEH | C5: 9.37 | D5: 9.44 | E5: 9.55 | F5: 9.64 | G5: 9.95 | H5: =IF(OR(C5="-",G5="-"),"-",G5-C5) -> 0.58
A6: 2 | B6: BALI | C6: 9.06 | D6: 9.39 | E6: 9.45 | F6: 9.54 | G6: 9.75 | H6: =IF(OR(C6="-",G6="-"),"-",G6-C6) -> 0.69
A7: 3 | B7: BANTEN | C7: 8.93 | D7: 9.13 | E7: 9.15 | F7: 9.23 | G7: 9.56 | H7: =IF(OR(C7="-",G7="-"),"-",G7-C7) -> 0.63
A8: 4 | B8: BENGKULU | C8: 8.87 | D8: 8.91 | E8: 9.03 | F8: 9.04 | G8: 9.23 | H8: =IF(OR(C8="-",G8="-"),"-",G8-C8) -> 0.36
A9: 5 | B9: D I YOGYAKARTA | C9: 9.64 | D9: 9.75 | E9: 9.83 | F9: 9.92 | G9: 10.2 | H9: =IF(OR(C9="-",G9="-"),"-",G9-C9) -> 0.56
A10: 6 | B10: DKI JAKARTA | C10: 11.17 | D10: 11.31 | E10: 11.45 | F10: 11.49 | G10: 11.59 | H10: =IF(OR(C10="-",G10="-"),"-",G10-C10) -> 0.42
A11: 7 | B11: GORONTALO | C11: 7.9 | D11: 8.02 | E11: 8.1 | F11: 8.29 | G11: 8.38 | H11: =IF(OR(C11="-",G11="-"),"-",G11-C11) -> 0.48
A12: 8 | B12: JAMBI | C12: 8.6 | D12: 8.68 | E12: 8.81 | F12: 8.9 | G12: 8.95 | H12: =IF(OR(C12="-",G12="-"),"-",G12-C12) -> 0.35
A13: 9 | B13: JAWA BARAT | C13: 8.61 | D13: 8.78 | E13: 8.83 | F13: 8.87 | G13: 9.14 | H13: =IF(OR(C13="-",G13="-"),"-",G13-C13) -> 0.53
A14: 10 | B14: JAWA TENGAH | C14: 7.75 | D14: 7.93 | E14: 8.01 | F14: 8.02 | G14: 8.15 | H14: =IF(OR(C14="-",G14="-"),"-",G14-C14) -> 0.4
A15: 11 | B15: JAWA TIMUR | C15: 7.88 | D15: 8.03 | E15: 8.11 | F15: 8.28 | G15: 8.39 | H15: =IF(OR(C15="-",G15="-"),"-",G15-C15) -> 0.51
A16: 12 | B16: KALIMANTAN BARAT | C16: 7.45 | D16: 7.59 | E16: 7.71 | F16: 7.78 | G16: 8.07 | H16: =IF(OR(C16="-",G16="-"),"-",G16-C16) -> 0.62
... A29: 25 | B29: PAPUA BARAT | C29: 7.69 | D29: 7.84 | E29: 7.93 | F29: 7.86 | G29: 8.07 | H29: =IF(OR(C29="-",G29="-"),"-",G29-C29) -> 0.38
A30: 26 | B30: PAPUA BARAT DAYA | C30: - | D30: - | E30: - | F30: 8.39 | G30: 8.69 | H30: =IF(OR(C30="-",G30="-"),"-",G30-C30) -> -
A31: 27 | B31: PAPUA PEGUNUNGAN | C31: - | D31: - | E31: - | F31: 4.21 | G31: 4.3 | H31: =IF(OR(C31="-",G31="-"),"-",G31-C31) -> -
A32: 28 | B32: PAPUA SELATAN | C32: - | D32: - | E32: - | F32: 8.38 | G32: 8.64 | H32: =IF(OR(C32="-",G32="-"),"-",G32-C32) -> -
A33: 29 | B33: PAPUA TENGAH | C33: - | D33: - | E33: - | F33: 6.12 | G33: 6.13 | H33: =IF(OR(C33="-",G33="-"),"-",G33-C33) -> -
A34: 30 | B34: RIAU | C34: 9.19 | D34: 9.22 | E34: 9.32 | F34: 9.43 | G34: 9.55 | H34: =IF(OR(C34="-",G34="-"),"-",G34-C34) -> 0.36
A35: 31 | B35: SULAWESI BARAT | C35: 7.96 | D35: 8.08 | E35: 8.13 | F35: 8.15 | G35: 8.31 | H35: =IF(OR(C35="-",G35="-"),"-",G35-C35) -> 0.35
A36: 32 | B36: SULAWESI SELATAN | C36: 8.46 | D36: 8.63 | E36: 8.76 | F36: 8.86 | G36: 9 | H36: =IF(OR(C36="-",G36="-"),"-",G36-C36) -> 0.54
A37: 33 | B37: SULAWESI TENGAH | C37: 8.89 | D37: 8.89 | E37: 8.96 | F37: 9.04 | G37: 9.1 | H37: =IF(OR(C37="-",G37="-"),"-",G37-C37) -> 0.21
A38: 34 | B38: SULAWESI TENGGARA | C38: 9.13 | D38: 9.25 | E38: 9.31 | F38: 9.42 | G38: 9.56 | H38: =IF(OR(C38="-",G38="-"),"-",G38-C38) -> 0.43
A39: 35 | B39: SULAWESI UTARA | C39: 9.62 | D39: 9.68 | E39: 9.77 | F39: 9.84 | G39: 9.91 | H39: =IF(OR(C39="-",G39="-"),"-",G39-C39) -> 0.29
A40: 36 | B40: SUMATERA BARAT | C40: 9.07 | D40: 9.18 | E40: 9.28 | F40: 9.44 | G40: 9.77 | H40: =IF(OR(C40="-",G40="-"),"-",G40-C40) -> 0.7
A41: 37 | B41: SUMATERA SELATAN | C41: 8.3 | D41: 8.37 | E41: 8.5 | F41: 8.57 | G41: 8.91 | H41: =IF(OR(C41="-",G41="-"),"-",G41-C41) -> 0.61
A42: 38 | B42: SUMATERA UTARA | C42: 9.58 | D42: 9.71 | E42: 9.82 | F42: 9.93 | G42: 10.08 | H42: =IF(OR(C42="-",G42="-"),"-",G42-C42) -> 0.5
B44: INDONESIA (nasional) | C44: 8.54 | D44: 8.69 | E44: 8.77 | F44: 8.85 | G44: 9.07 | H44: =G44-C44 -> 0.53
